Name,Python (out of 3),Machine Learning (out of 3),Natural Language Processing (NLP) (out of 3),Deep Learning (out of 3),Other skills,"Are you available for 3 months, starting immediately, for a full-time work from home internship? ",Degree,Stream,Current Year Of Graduation,Performance_PG,Performance_UG,Performance_12,Performance_10,Overall Match Percentage
,2,2,1,2,"Database Management System (DBMS), English Proficiency (Written), MS-Excel, MS-Word, C Programming, Creative Writing, Data Analytics, Data Science, Data Structures, Deep Learning, English Proficiency (Spoken), Figma, Java, MS SQL Server, MS-Office, MS-PowerPoint, Machine Learning, Python, SQL, UI & UX Design, Video Editing, Apache, Blogging, Computer Vision, Natural Language Processing (NLP), Search Engine Optimization (SEO), Social Media Marketing, User Interface (UI) Development",24,Bachelor of Technology (B.Tech),Computer Science & Engineering,2024,,9.80/10,,,100.0
,2,2,2,1,"C++ Programming, Chemistry, English Proficiency (Spoken), Machine Learning, Mathematics, Natural Language Processing (NLP), Physics, Python, SQL, Unity 3D, Algorithms, Android, Artificial intelligence, Blender 3D, C Programming, C#.NET, CSS, Computer Vision, Data Analytics, Data Science, Data Structures, Deep Learning, Django, English Proficiency (Written), HTML, MS-Excel, MS-Office, MongoDB, Tableau, Unity Engine",24,B.Tech (Hons.),Computer Science,2023,,,76.90/76.90,10.00/10.00,100.0
,2,2,1,1,"Cloud Computing, Amazon Web Services (AWS), C Programming, Computer Networking, Java, Machine Learning, Python, Blockchain, CSS, Deep Learning, Flutter, Internet of Things (IoT), MySQL, Natural Language Processing (NLP), PHP, SQL",24,Master of Computer Applications (MCA),Networks And Communication,2023,5.54/10,7.28/10,59.30/59.30,7.00/7.00,75.0
,1,2,2,2,"Amazon Web Services (AWS), Artificial intelligence, Data Science, Database Management System (DBMS), Deep Learning, HTML, Machine Learning, MySQL, Natural Language Processing (NLP), SQL, Tableau, Python",24,Master of Technology (M.Tech),Statistics Computing( DATA Science ),2022,,59.00/100,8.90/8.90,7.60/7.60,75.0
,1,1,1,1,"English Proficiency (Spoken), English Proficiency (Written), AutoCAD, MS-Excel, MS-Office, Statistical Modeling, Statistics, Data Analytics, Data Science, Deep Learning, Machine Learning, Natural Language Processing (NLP), Project Management, Python, SPSS, SQL, Tableau",24,PG Diploma in Data Science,,2023,,6.81/10,,,75.0
,3,2,2,2,"Data Science, Database Management System (DBMS), Python, Computer Vision, Data Analytics, Data Structures, Deep Learning, English Proficiency (Spoken), English Proficiency (Written), GNU Octave, Hadoop, MS-Excel, MS-Office, Machine Learning, Natural Language Processing (NLP), Neural Networks, NoSQL, Power BI, R Programming, SQL, Tableau, OpenCV",24,Integrated M.Sc.,Data Science,2024,8.81/10,,,,100.0
,3,2,3,3,"Computer Vision, Data Science, Deep Learning, MS-Excel, Natural Language Processing (NLP), Power BI, Python, SQL, Amazon Web Server (AWS), Amazon Web Services (AWS), C Programming, CSS, Data Analytics, Data Structures, Database Management System (DBMS), Django, Flask, HTML, Java, JavaScript, Machine Learning, R Programming, Statistics",24,B.Tech,computer science,2024,,,91.00/91.00,,100.0
,2,2,2,2,"English Proficiency (Spoken), English Proficiency (Written), Accounting, Algorithms, Business Analysis, Computer Vision, Data Analytics, Data Science, Database Management System (DBMS), Deep Learning, Financial literacy, MS-Excel, MS-Office, MS-Word, Machine Learning, Natural Language Processing (NLP), Neural Networks, Power BI, Python, Research and Analytics, SQL, Tableau, Data Structures, Financial Modeling, Investing, Stock Trading, Tally",11,B.Tech,Electronics Engineering,2024,9.00/10,,,,75.0
,2,2,2,2,"English Proficiency (Spoken), English Proficiency (Written), Product Lifecycle Management(PLM), Research and Analytics, Business Analysis, Data Science, Deep Learning, MS-Excel, MS-Office, Machine Learning, Natural Language Processing (NLP), Neural Networks, Power BI, Project Management, Python, SQL, Tableau",24,B.Tech,computer science,2023,,,,,75.0
,2,1,1,1,"Content Writing, English Proficiency (Written), Java, MS-PowerPoint, MS-Word, ARM Microcontroller, Arduino, C Programming, C++ Programming, Canva, Cloud Computing, Computer Vision, Data Structures, Database Management System (DBMS), Effective Communication, Embedded Systems, English Proficiency (Spoken), Google Cloud Computing, HTML, Internet of Things (IoT), MS SQL Server, MS-Excel, MS-Office, Microsoft Azure, Microsoft Visual Studio, Python, SQL, Teaching, .NET, Amazon Web Services (AWS), Atmel AVR, CSS, Circuit Design, Data Analytics, Data Science, Deep Learning, Django, Eclipse (IDE), Engineering Drawing, Flask, Flutter, Hadoop, Image Processing, MEAN/MERN Stack, Machine Learning, MongoDB, Natural Language Processing (NLP), Neural Networks, Node.js, Online Teaching, PCB Design, PLC SCADA, R Programming, REST API, Raspberry Pi, ReactJS, Robotics, SQLite, Software Testing, Swing (Java), UI & UX Design",24,Bachelor of Technology (B.Tech),Computer Science & Engineering,2023,,,,,100.0
,2,2,2,2,"Android, Computer Vision, Data Science, Deep Learning, Firebase, Flask, Flutter, Java, Kotlin, Machine Learning, MySQL, Natural Language Processing (NLP), OpenCV, Python",24,Bachelor of Engineering (B.E),Information Technology,2025,,9.65/10,92.00/92.00,92.00/92.00,75.0
,3,2,2,2,"Computer Vision, Python, Algorithms, Amazon Web Services (AWS), C++ Programming, CSS, Data Structures, Deep Learning, Django, Git, GitHub, HTML, JavaScript, Machine Learning, MySQL, Natural Language Processing (NLP), OpenCV, ReactJS",24,Bachelor of Technology (B.Tech),Computer Science & Engineering,2024,8.00/10,,,,87.5
,3,1,1,1,"Python, Data Structures, SQL, Data Science, Deep Learning, Django, MATLAB, Machine Learning, Natural Language Processing (NLP), Power BI, Tableau",24,M.Sc (Information Technology),Data Science,2023,,,66.00/66.00,,75.0
,3,3,1,2,"Data Analytics, Data Science, English Proficiency (Spoken), English Proficiency (Written), Machine Learning, Mathematics, Python, Amazon Web Services (AWS), Computer Networking, Computer Vision, Deep Learning, Digital Signal Processing, Java, JavaScript, MATLAB, MS-Excel, OpenCV, R Programming, SQL, SQLite, Natural Language Processing (NLP)",24,B.Tech,Computer Science,2024,,7.51/10,89.60/89.60,91.00/91.00,100.0
,2,2,1,2,"Algorithms, Data Analytics, Data Science, Data Structures, Deep Learning, MS-Excel, Machine Learning, MySQL, Neural Networks, PostgreSQL, Python, SQL, Computer Vision, Natural Language Processing (NLP)",24,Master of Technology (M.Tech),Data Science,2023,7.50/10,,,,75.0
,3,3,3,2,"Data Analytics, Data Science, English Proficiency (Spoken), Image Processing, MS-Office, MS-Word, Machine Learning, Natural Language Processing (NLP), Project Management, Python, Research and Analytics, Artificial Intelligence, Business Analysis, Computer Vision, Deep Learning, GitHub, MS-Excel, MS-PowerPoint, MySQL, Neural Networks, Power BI, SQL, Statistical Modeling, Tableau, Video Editing",24,Advanced Certification In Data Science,Data Analytics,2023,,9.00/9,60.00/60.00,70.00/70.00,75.0
,3,2,2,2,"HTML, Python, Bootstrap, CSS, Data Science, Deep Learning, Flask, GitHub, MS-Excel, Machine Learning, MongoDB, MySQL, Natural Language Processing (NLP), SQL, Django, Postman",24,Bachelor of Science (B.Sc),Computer Science,2021,,,,,75.0
,2,1,1,1,"MS-Word, Java, MS-Excel, MS-Office, Python, SQL, Artificial intelligence, Computer Vision, Data Analytics, Database Management System (DBMS), Deep Learning, Machine Learning, Natural Language Processing (NLP), R Programming",24,M.Sc (Information Technology),Data Science,2024,,6.09/10,5.00/5.00,,87.5
,2,2,2,2,"Data Analytics, Data Science, Deep Learning, MS-Excel, Machine Learning, Natural Language Processing (NLP), Python, SQL, Tableau",24,Integrated B.E & MBA,Data Science,2006,,,,,75.0
,2,2,2,1,"C Programming, C++ Programming, Machine Learning, Natural Language Processing (NLP), Python, Computer Vision, Deep Learning, Neural Networks, OpenCV",24,B.Tech,Computer Science & Engineering,2023,,9.58/10,92.40/92.40,,75.0
,2,2,1,1,"C Programming, Content Writing, Database Management System (DBMS), English Proficiency (Spoken), English Proficiency (Written), GitHub, MS-Excel, Machine Learning, Python, Creative Writing, Data Analytics, Data Science, Deep Learning, MySQL, Natural Language Processing (NLP), Neural Networks, R Programming, Research and Analytics",24,Bachelor of Technology (B.Tech),Computer Science & Engineering,2024,,8.48/10,91.40/91.40,95.20/95.20,100.0
,3,2,2,1,"C Programming, MySQL, Python, SQL, Algorithms, Blender 3D, C++ Programming, Data Analytics, Data Science, Data Structures, Database Management System (DBMS), English Proficiency (Spoken), English Proficiency (Written), GitHub, HTML, Java, Linux, MS-Office, Machine Learning, Natural Language Processing (NLP), Blockchain, CSS, Computer Vision, Deep Learning, Django, JavaScript, MS SQL Server, PHP, R Programming, WordPress",24,B.Tech,Computer Science & Engineering,2025,,,,,100.0
,3,3,2,3,"C++ Programming, Computer Vision, Deep Learning, Machine Learning, Python, Data Science, Natural Language Processing (NLP)",24,Master of Technology (M.Tech),Artificial Intelligence,2023,,7.62/10,,,100.0
,2,2,2,1,"Adobe Photoshop, Amazon Web Server (AWS), Amazon Web Services (AWS), Artificial Intelligence, AutoCAD, BIG DATA ANALYTICS, CAD, Computer Vision, Data Analytics, Data Science, Data Structures, Database Management System (DBMS), Design Thinking, Django, JavaScript, MATLAB, MS-Excel, MS-Office, MS-PowerPoint, Machine Learning, MySQL, Natural Language Processing (NLP), Neural Networks, PostgreSQL, Power BI, Python, SQL, Tableau, Deep Learning, HTML, Java",24,B.Tech,Artificial Intelligence,2024,,7.88/10,7.50/7.50,7.50/7.50,75.0
,2,3,3,3,"Deep Learning, MS-Excel, MS-Office, Machine Learning, Natural Language Processing (NLP), Data Analytics, Data Science, Python, SQL, Tableau",24,Bachelor of Engineering (B.E),Mechanical Engineering,2019,,,67.52/67.52,83.59/83.59,75.0
,2,2,2,2,"Amazon Web Services (AWS), Data Science, Deep Learning, Docker, Git, GitHub, Kubernetes, Machine Learning, Natural Language Processing (NLP), Python",24,Bachelor of Technology (B.Tech),Electronics and Communication,2021,,,9.20/9.20,8.30/8.30,75.0
,2,2,1,1,"Algorithms, CSS, Data Structures, GitHub, HTML, Linux, MS-Excel, Machine Learning, MySQL, Neural Networks, Python, SQL, Artificial intelligence, Computer Vision, Data Analytics, Data Science, Deep Learning, Natural Language Processing (NLP), OpenCV",24,B.Tech,Computer Science & Engineering,2023,,7.78/10,63.20/63.20,8.00/8.00,75.0
,2,1,1,1,"C++ Programming, CSS, English Proficiency (Spoken), HTML, Python, Data Analytics, Data Science, Deep Learning, Flask, JavaScript, Machine Learning, Natural Language Processing (NLP), Neural Networks",24,B.Tech,Computer Science & Engineering,2025,,,,,100.0
,2,2,2,2,"Database Management System (DBMS), VS Code, WordPress, C++ Programming, CSS, Data Science, Data Structures, Deep Learning, English Proficiency (Spoken), English Proficiency (Written), HTML, Java, MS-Excel, Machine Learning, Natural Language Processing (NLP), Neural Networks, OpenCV, PHP, Python, Research and Analytics, SQL, Visual Basic (VB), Data Analytics, JavaScript, Power BI, Tableau",24,M.Sc (Information Technology),Computer Application(Data Science),2023,,6.11/10,67.69/67.69,72.45/72.45,100.0
,3,3,3,2,"Machine Learning, MongoDB, Natural Language Processing (NLP), Python, Algorithms, Artificial Intelligence, Computer Vision, Data Science, Data Structures, Deep Learning, Git, GitHub, Linux, Neural Networks, OpenCV, PostgreSQL, Postman, SQL, SQLite, Selenium, Business Analysis, Business Research, Data Analytics, Django, FastAPI, Flask, REST API",24,B.Tech (Hons.),computer science,2024,,9.68/10,96.20/96.20,,75.0
,2,2,2,1,"English Proficiency (Spoken), English Proficiency (Written), Artificial intelligence, C++ Programming, Data Analytics, Data Science, HTML, MS-Excel, Machine Learning, Natural Language Processing (NLP), Python, Deep Learning, NoSQL, R Programming, SQL",24,B.Tech,,2024,,9.12/10,92.00/92.00,90.60/90.60,100.0
,2,2,2,2,"English Proficiency (Spoken), Adobe After Effects, Adobe Photoshop, Adobe Premiere Pro, Business Analysis, Data Analytics, Data Science, Deep Learning, English Proficiency (Written), Machine Learning, Natural Language Processing (NLP), Python, SQL, Video Editing, Video Making",24,B.Tech,,2025,,,,,75.0
,2,2,2,1,"SQL, Data Analytics, Data Science, Machine Learning, Natural Language Processing (NLP), Python, Artificial Intelligence, Deep Learning",24,Bachelor of Engineering (B.E),Computer Science & Engineering,2023,,8.30/10,65.00/65.00,90.00/90.00,75.0
,2,2,2,1,"C Programming, Data Analytics, Data Science, Java, MS-Excel, Machine Learning, Natural Language Processing (NLP), Python, SQL, Data Structures, Deep Learning, Power BI",24,Master of Science (M.Sc),Mathemtaics With Computer Science,2023,,,,,100.0
,2,3,2,2,"Algorithms, Amazon Web Services (AWS), C++ Programming, Hindi Proficiency (Spoken), Machine Learning, Cloud Computing, Data Analytics, Data Science, Deep Learning, English Proficiency (Spoken), English Proficiency (Written), Flask, Natural Language Processing (NLP), Neural Networks, Python, Tableau, DevOps, Java",24,B.Tech,Computer Science With Specialization In Data Science,2024,,8.80/10,91.50/91.50,9.40/9.40,100.0
,3,3,2,2,"Machine Learning, Python, Artificial Intelligence, C Programming, Data Analytics, Data Science, Data Structures, Deep Learning, Java, Natural Language Processing (NLP), R Programming, SQL",24,Bachelor of Technology (B.Tech),Artificial Intelligence And Machine Learning,2024,7.40/10,,,,100.0
,3,3,3,2,"Algorithms, Artificial intelligence, Data Analytics, Data Science, Data Structures, English Proficiency (Spoken), English Proficiency (Written), HTML, Machine Learning, Mathematics, MySQL, Natural Language Processing (NLP), Neural Networks, NoSQL, Python, SQL, Statistics, C Programming, Deep Learning, Java",24,Bachelor of Technology (B.Tech),Computer Science,2024,,,9.88/9.88,10.00/10.00,100.0
,2,2,2,2,"Data Science, Deep Learning, Machine Learning, Natural Language Processing (NLP), Python, SQL, Data Analytics",24,Bachelor of Engineering (B.E),Computer Science & Engineering,2020,8.07/10,,91.83/91.83,85.60/85.60,75.0
,2,2,2,2,"MS-Excel, MS-Office, Arduino, C Programming, CSS, Deep Learning, HTML, Internet of Things (IoT), Java, MATLAB, Machine Learning, Natural Language Processing (NLP), Python, JavaScript, SQL",24,B.Tech,Electronics and Communication,2023,,8.76/10,95.00/95.00,9.70/9.70,75.0
,3,3,3,3,"Deep Learning, Flask, Hadoop, JavaScript, Machine Learning, Natural Language Processing (NLP), Node.js, Power BI, Python, R Programming, REST API, ReactJS, SQL, Statistical Modeling, Statistics, Tableau, BIG DATA ANALYTICS, English Proficiency (Spoken), English Proficiency (Written), HTML, Linux, MS-Excel, MS-Office, MS-Word, Amazon Web Server (AWS), MS-PowerPoint",24,Master of Science (M.Sc),Economics,2023,8.16/10,8.10/10,82.20/82.20,84.40/84.40,87.5
,3,3,1,2,"Data Science, Machine Learning, Python, Artificial intelligence, C Programming, Deep Learning, GitHub, MySQL, Natural Language Processing (NLP)",24,Bachelor of Technology (B.Tech),Computer Science & Technology,2024,,8.00/10,,,100.0
,2,2,2,2,"American English, English Proficiency (Spoken), English Proficiency (Written), VS Code, Algorithms, C Programming, Data Analytics, Data Science, Data Structures, Deep Learning, Git, Git Bash, GitHub, Java, Machine Learning, Natural Language Processing (NLP), Neural Networks, Python, C++ Programming",24,B.Tech,Computer Science,2024,,7.86/10,88.67/88.67,93.67/93.67,100.0
,2,2,2,2,"English Proficiency (Spoken), English Proficiency (Written), Neural Networks, C++ Programming, Computer Vision, Data Analytics, Data Science, Data Structures, Deep Learning, Flutter, Machine Learning, Natural Language Processing (NLP), OpenCV, Python, SQL, Statistics, Git Bash, Git SVN, Power BI",24,B.Tech,Electronics and Communication,2025,,,93.80/93.80,91.20/91.20,100.0
,3,3,3,2,"Data Science, Machine Learning, Natural Language Processing (NLP), Python, Data Analytics, Deep Learning, Neural Networks, Power BI, SQL",24,Bsc,cs,2019,,,,,75.0
,3,2,2,2,"Python, Data Analytics, Data Science, Deep Learning, Git, Java, MS-Excel, Machine Learning, Natural Language Processing (NLP), SQL",24,B.Tech,Information Technology,2025,,,84.00/84.00,,75.0
,3,2,2,2,"Data Analytics, MS-Excel, Python, SQL, Data Science, Deep Learning, Git, Machine Learning, Natural Language Processing (NLP), R Programming",24,B.Tech,computer science,2014,,,,,100.0
,2,2,1,1,"C++ Programming, Data Science, Machine Learning, Python, R Programming, Artificial Intelligence, Deep Learning, Natural Language Processing (NLP)",24,B.Tech,Mathematics and Computing,2024,,,93.40/93.40,9.60/9.60,100.0
,3,3,2,2,"Computer Vision, Data Science, English Proficiency (Spoken), English Proficiency (Written), HTML, Linux, MS-Excel, Machine Learning, MySQL, Neural Networks, Power BI, Python, SQL, Tableau, Amazon Web Services (AWS), CSS, Data Analytics, Data Structures, Deep Learning, GitHub, Google Cloud Computing, Natural Language Processing (NLP), Cloud Computing",24,Master of Computer Applications (MCA),Artificial Intelligence,2023,,7.30/10,9.40/9.40,9.30/9.30,75.0
,2,2,2,2,"C Programming, CSS, Data Analytics, Data Science, Database Management System (DBMS), Deep Learning, HTML, Machine Learning, MongoDB, Natural Language Processing (NLP), Python, SQL, C++ Programming",24,Bachelor of Technology (B.Tech),Data Science,2024,8.28/10,,69.85/69.85,67.40/67.40,100.0
,3,3,2,3,"Deep Learning, English Proficiency (Spoken), English Proficiency (Written), Flask, GitHub, MS-Excel, MS-Office, MS-PowerPoint, MS-Word, Machine Learning, Mathematics, Python, Tableau, Teaching, CSS, Data Analytics, Data Science, Django, HTML, Natural Language Processing (NLP), Power BI, R Programming, SQL",24,,Information Technology,2022,,85.50/100,,,100.0
,2,2,1,1,"C++ Programming, Creative Writing, Data Analytics, Data Science, Data Structures, English Proficiency (Written), Java, Machine Learning, MySQL, Python, ReactJS, CSS, Deep Learning, Django, Embedded Systems, HTML, JavaScript, MongoDB, Natural Language Processing (NLP), Node.js, REST API, Raspberry Pi, SQL",24,B.Tech,Computer Science & Engineering,2024,,,86.00/86.00,89.00/89.00,100.0
,3,2,2,2,"Python, Deep Learning, Machine Learning, Mathematics, Natural Language Processing (NLP), Computer Vision, Data Analytics, Data Science, Tableau",24,Master of Computer Applications (MCA),Data Science,2023,,,,,75.0
,2,2,1,1,"Data Science, Machine Learning, Mathematics, Python, SQL, Computer Vision, Data Analytics, Deep Learning, FastAPI, Git, GitHub, Java, MS-Excel, MS-Office, Natural Language Processing (NLP), Power BI, R Programming, Statistics, Tableau",24,Bachelor of Science (B.Sc),Computer Science,2023,,,68.20/68.20,,100.0
,2,1,2,2,"C++ Programming, Ethical Hacking, C Programming, Data Structures, Deep Learning, DevOps, Linux, Natural Language Processing (NLP), Python, SQL, Machine Learning",24,B.Tech,Computer Science & Engineering,2024,,8.02/10,,,87.5
,3,3,2,2,"Business Analysis, Data Analytics, Data Science, MS-Excel, MS-Office, Machine Learning, Power BI, Python, SQL, Artificial Intelligence, Computer Vision, Deep Learning, Natural Language Processing (NLP), Neural Networks",24,MBA,Data Science,2024,,,,,75.0
,2,2,1,2,"Artificial intelligence, Computer Vision, Data Analytics, Data Science, Deep Learning, MS-Excel, Machine Learning, Python, SQL, Tableau, Natural Language Processing (NLP), Statistics",24,Bachelor of Science (B.Sc),Computer Science,2023,,9.00/10,59.00/59.00,80.00/80.00,75.0
,3,2,2,2,"Image Processing, MS-Excel, Python, C Programming, C++ Programming, Data Analytics, Deep Learning, Machine Learning, Natural Language Processing (NLP), Neural Networks, OpenCV",24,B.Tech,Engineering Physics,2024,,,94.20/94.20,90.60/90.60,87.5
,3,2,3,2,"Natural Language Processing (NLP), Python, SQL, C++ Programming, Data Science, Deep Learning, Django, Machine Learning, Neural Networks",24,Bachelor of Engineering (B.E),Computer Science & Engineering,2020,,7.50/10,,,100.0
,2,2,1,1,"MS-Excel, MS-Office, MySQL, Data Analytics, Data Science, Machine Learning, Neural Networks, Power BI, Python, SQL, Deep Learning, Natural Language Processing (NLP)",24,M.Sc (Information Technology),Data Science,2023,,,,,75.0
,3,2,1,2,"Python, Algorithms, Artificial Intelligence, C++ Programming, Deep Learning, Machine Learning, Marketing Campaigns , Operations, SQL, Image Processing, Natural Language Processing (NLP)",24,B.Tech,Computer Science With Specialization In AI And ML,2025,,,,,75.0
,1,1,1,1,"Data Science, Photography, Data Structures, Database Management System (DBMS), Deep Learning, Machine Learning, Natural Language Processing (NLP), Python",24,Master of Computer Applications (MCA),Data Science,2024,,,60.00/60.00,,75.0
,2,2,2,2,"Data Analytics, Data Science, Data Structures, Deep Learning, Machine Learning, Natural Language Processing (NLP), OpenCV, Python, SQL, Linux",24,Master of Technology (M.Tech),Signal Processing Machine Learning,2023,,8.01/10,,,75.0
,2,2,2,2,"Artificial Intelligence, AutoCAD, C Programming, CSS, Deep Learning, HTML, Java, JavaScript, Machine Learning, MySQL, Natural Language Processing (NLP), Python, R Programming, ReactJS",24,Bachelor of Engineering (B.E),Artificial Intelligence And Data Science,2024,,8.75/10,97.50/97.50,9.30/9.30,75.0
,3,3,2,1,"Data Analytics, Data Science, MS-Excel, Machine Learning, Python, SQL, Statistics, Tableau, Amazon Web Services (AWS), CSS, Database Management System (DBMS), HTML, Heroku, Microsoft Azure, Natural Language Processing (NLP), Deep Learning",24,Master of Engineering (M.E),Electrical and Electronics Engineering,2019,66.41/100,70.18/100,79.67/79.67,73.28/73.28,75.0
,3,3,3,3,"Deep Learning, Machine Learning, Natural Language Processing (NLP), Python, MS-Excel, MS-Office, Mathematics, OpenCV, Power BI, R Programming, SQL, Statistical Modeling, BIG DATA ANALYTICS, Tableau",24,Master of Technology (M.Tech),Artificial Intelligence,2023,8.70/10,7.14/10,,,87.5
,3,2,1,2,"CSS, HTML, JavaScript, Python, Computer Vision, Data Science, Deep Learning, Flask, Machine Learning, Natural Language Processing (NLP)",24,B.Tech,Artificial Intelligence And Machine Learning,2025,,,,,75.0
,2,2,2,1,"Data Structures, Django, HTML, Java, Machine Learning, Natural Language Processing (NLP), Neural Networks, PostgreSQL, Python, Tableau, Data Analytics, Data Science, Database Management System (DBMS), Deep Learning",24,B.tech Artificial Intelligence And Data Science,Data Science,2025,9.50/10,,94.00/94.00,,75.0
,3,3,2,1,"Machine Learning, Python, Data Science, Data Structures, Java, MySQL, Natural Language Processing (NLP), Tableau, Deep Learning",24,B.Tech,Computer Science & Engineering,2024,,,,,75.0
,3,3,2,2,".NET, Adobe XD, Amazon Web Server (AWS), Artificial Intelligence, Blogging, C Programming, C#, C#.NET, C++ Programming, Creative Writing, Data Structures, Design Thinking, English Proficiency (Spoken), English Proficiency (Written), Figma, Firebase, Flutter, GitHub, HTML, Kotlin, Linux, MS-Excel, Machine Learning, Mathematics, Node.js, Online Teaching, Power BI, Python, R Programming, REST API, React Native, ReactJS, Research and Analytics, SCSS, SQL, Search Engine Optimization (SEO), Shell Scripting, Subject Matter Expert (SME), Teaching, TypeScript, UI & UX Design, Vue Js, iOS, CSS, Cloud Computing, Computer Vision, Data Analytics, Data Science, Deep Learning, Digital Marketing, Google AdWords, Java, JavaScript, Natural Language Processing (NLP), Neural Networks, OpenCV, Social Media Marketing, Unity 3D, Unity Engine, Unreal Engine, Android, Web Application Security",24,B.Tech,Computer Science & Engineering,2024,,9.40/10,91.80/91.80,10.00/10.00,100.0
,2,3,2,3,"Data Analytics, Data Science, Deep Learning, Machine Learning, Neural Networks, Artificial intelligence, C Programming, C++ Programming, Computer Vision, Data Structures, Database Management System (DBMS), Java, MS-Excel, Natural Language Processing (NLP), Python, SQL, Node.js",24,B.Tech,computer science,2024,,8.51/10,9.94/9.94,85.40/85.40,100.0
,3,2,2,2,"English Proficiency (Spoken), English Proficiency (Written), Hindi Proficiency (Spoken), Hindi Proficiency (Written), Python, C++ Programming, Data Science, Data Structures, Database Management System (DBMS), Deep Learning, Machine Learning, Natural Language Processing (NLP), ReactJS, Java",24,B.Tech,computer science,2023,,8.17/10,62.92/62.92,93.60/93.60,100.0
,2,2,1,2,"Data Science, Data Structures, Deep Learning, FastAPI, Machine Learning, Python, Amazon Web Server (AWS), Natural Language Processing (NLP)",24,Bachelor of Engineering (B.E),Computer Science & Engineering,2024,,8.21/10,,,75.0
,2,2,2,3,"Deep Learning, Data Analytics, Data Science, MS-Excel, Machine Learning, MySQL, Natural Language Processing (NLP), Power BI, Python, SQL, Statistics, Tableau",24,Bachelor of Technology (B.Tech),,2022,,8.90/10,71.69/71.69,89.20/89.20,75.0
,3,3,3,3,"C Programming, C++ Programming, Data Analytics, Data Science, Data Structures, Database Management System (DBMS), Deep Learning, Docker, Java, Machine Learning, Natural Language Processing (NLP), NoSQL, Python, R Programming, SQL, CI/CD, Computer Vision, Flask, Git, JavaScript, Linux, MS-Excel, MongoDB, OpenCV",24,B.Tech,Computer Science & Engineering,2024,,,,,100.0
,2,2,1,1,"English Proficiency (Spoken), English Proficiency (Written), Painting, Sketching, Adobe Photoshop, Algorithms, C Programming, C++ Programming, Creative Writing, Data Analytics, Data Science, Data Structures, Database Management System (DBMS), MS-PowerPoint, Machine Learning, MySQL, Python, WordPress, AutoCAD, Deep Learning, Korean Proficiency (Spoken), Korean Proficiency (Written), Natural Language Processing (NLP)",24,Bachelor of Engineering (B.E),Computer Science & Engineering,2025,8.11/10,,94.20/94.20,94.10/94.10,100.0
,2,2,1,1,"MS-Excel, MS-Office, C Programming, Machine Learning, Python, Deep Learning, Natural Language Processing (NLP), Neural Networks",24,B.Tech,,2024,,,,,75.0
,2,2,1,1,"GitHub, MS-Excel, MySQL, Tableau, AutoCAD, C Programming, C++ Programming, Data Analytics, Data Science, Data Structures, Machine Learning, Python, SQL, Deep Learning, Natural Language Processing (NLP), Power BI",24,B.Tech,,2025,,,,,100.0
,2,2,2,2,"English Proficiency (Spoken), English Proficiency (Written), Bootstrap, C++ Programming, CSS, Data Science, Deep Learning, HTML, LaTeX, MATLAB, MS-Excel, Machine Learning, Natural Language Processing (NLP), Python, Data Analytics",24,B.Tech,Electrical Engineering,2024,,,90.00/90.00,9.30/9.30,100.0
,2,2,1,1,"Data Structures, Machine Learning, Python, Stock Trading, C++ Programming, Data Science, Deep Learning, Natural Language Processing (NLP), Neural Networks",24,Bachelor of Technology (B.Tech),Computer Science,2024,,,,,100.0
,3,2,3,2,"Data Analytics, Data Science, Natural Language Processing (NLP), Python, Artificial intelligence, Data Structures, Database Management System (DBMS), Deep Learning, Django, English Proficiency (Spoken), English Proficiency (Written), MS-Excel, Machine Learning, Power BI, Research and Analytics, SQL, Tableau, Amazon Web Services (AWS), JavaScript, OpenCV",24,Bachelor of Technology (B.Tech),Information Technology,2023,,8.60/10,80.20/80.20,,75.0
,2,2,1,2,"MS-Excel, Data Analytics, Database Management System (DBMS), Deep Learning, Machine Learning, Power BI, Python, SQL, Amazon Web Services (AWS), Data Science, MongoDB, Natural Language Processing (NLP), Tableau, WordPress",24,Master of Science (M.Sc),Data Science,2023,,,,,75.0
,2,2,2,1,"Data Analytics, Data Science, MS-Excel, MS-Office, Machine Learning, Natural Language Processing (NLP), Python, SQL, Artificial Intelligence, Deep Learning, Neural Networks",24,Bachelor of Science (B.Sc) (Hons.),computer science,2022,,9.47/10,91.20/91.20,9.60/9.60,75.0
,3,3,2,3,"BIG DATA ANALYTICS, C Programming, C++ Programming, Data Science, Data Structures, Deep Learning, HTML, Machine Learning, Python, SQLite, Artificial Intelligence, Data Analytics, Database Management System (DBMS), Java, JavaScript, MATLAB, MS-Excel, Natural Language Processing (NLP), Computer Networks, Internet of Things (IoT)",24,B.Tech,Artificial Intelligence,2024,,,,,100.0
,3,2,2,2,"C++ Programming, Computer Vision, Image Processing, MS-Office, MS-PowerPoint, Mathematics, Neural Networks, OpenCV, Python, Report Writing, Research and Analytics, SQL, Algorithms, American English, Artificial intelligence, Business Analysis, Data Analytics, Data Science, Data Structures, Database Management System (DBMS), Deep Learning, English Proficiency (Spoken), English Proficiency (Written), Flask, Google Analytics, Java, JavaScript, MS-Excel, Machine Learning, MongoDB, MySQL, Natural Language Processing (NLP), NoSQL, Power BI, R Programming, REST API, Statistical Modeling, Tableau, Amazon Web Server (AWS), Amazon Web Services (AWS), Django, Hadoop, Node.js",24,B.Tech,Computer Science & Engineering,2024,,9.33/100,79.00/79.00,,100.0
,3,2,2,2,"Algorithms, C Programming, C++ Programming, Data Analytics, Data Science, MS-Excel, Mathematics, Python, SQL, CSS, Data Structures, Deep Learning, Machine Learning, Natural Language Processing (NLP), JavaScript",24,B.Tech,Computer Science,2022,,70.00/100,61.00/61.00,71.00/71.00,100.0
,2,2,1,2,"Data Science, Deep Learning, Machine Learning, Python, SQL, C Programming, Flutter, Java, Natural Language Processing (NLP)",24,B.Tech,,2024,,,9.22/9.22,9.80/9.80,100.0
,3,3,2,3,"Computer Vision, Data Structures, Database Management System (DBMS), Deep Learning, Machine Learning, Mathematics, Python, SQL, C++ Programming, Natural Language Processing (NLP)",24,B.Tech,,2023,,,,,87.5
,2,2,2,1,"Data Analytics, Data Science, Machine Learning, MySQL, Natural Language Processing (NLP), Python, SQL, Data Structures, Deep Learning",24,B.Tech,Information Technology,2023,,8.00/10,55.80/55.80,71.00/71.00,75.0
,2,2,2,2,"Data Analytics, Data Science, Deep Learning, MS-Excel, Machine Learning, MySQL, Natural Language Processing (NLP), Power BI, Python, R Programming, Statistics, Tableau",24,Bachelor Of Engineering,Information Science,2013,3.00/5,,,,100.0
,1,2,1,1,"Machine Learning, Data Analytics, Data Science, Deep Learning, MS-Excel, MySQL, Natural Language Processing (NLP), Python, SQL, Statistics, Tableau",24,Bachelor of Technology (B.Tech),Artificial Intelligence And Data Science,2024,,,,,75.0
,3,3,3,2,"Data Analytics, Data Science, Machine Learning, Natural Language Processing (NLP), Python, C++ Programming, Deep Learning, JavaScript, Neural Networks, SQL, CSS, HTML",24,Bachelor of Technology (B.Tech),Computer Science & Engineering,2024,,,,,100.0
,2,2,2,2,"MS-Excel, Data Analytics, Data Science, Data Structures, Deep Learning, Machine Learning, Natural Language Processing (NLP), Neural Networks, Power BI, Python, SQL, Tableau",24,Advanced Certification In Data Science,Data Science,2023,,9.33/100,84.00/84.00,,75.0
,2,2,1,1,"Data Analytics, Data Science, Data Structures, Java, JavaScript, Machine Learning, Python, SQL, Tableau, Artificial intelligence, Deep Learning, Natural Language Processing (NLP)",24,B.Tech,Computer Science,2023,,9.09/10,91.00/91.00,90.00/90.00,75.0
,3,2,2,2,"Python, Computer Vision, Data Analytics, Data Science, Deep Learning, Machine Learning, MySQL, Natural Language Processing (NLP), Neural Networks",24,Bachelor of Technology (B.Tech),Computer Science & Engineering,2022,,71.00/100,,,75.0
,3,3,2,2,"Data Science, MS-Excel, Machine Learning, Power BI, Python, Statistical Modeling, Computer Vision, Data Analytics, Deep Learning, Natural Language Processing (NLP), SQL",24,Bachelor of Science (B.Sc),Computer Science,2020,,6.40/10,8.40/8.40,8.20/8.20,75.0
,3,3,3,3,"Data Analytics, Data Science, Deep Learning, MS-Excel, Machine Learning, Natural Language Processing (NLP), Python, Computer Vision, Data Structures, English Proficiency (Spoken), English Proficiency (Written), Neural Networks, Power BI, SQL",24,Bachelor of Engineering (B.E),Information Technology,2023,,,72.15/72.15,,75.0
,2,1,2,1,"Data Analytics, Data Science, Image Processing, Linux, Natural Language Processing (NLP), Neural Networks, OpenCV, Python, Computer Vision, Deep Learning, Machine Learning",24,B.Tech,Electronics and Communication,2023,,8.52/10,,,75.0
,3,3,2,2,"Data Analytics, Data Science, MS-Excel, MS-Office, Machine Learning, Python, SQL, C Programming, Data Structures, Database Management System (DBMS), Deep Learning, GitHub, Natural Language Processing (NLP), Tableau",24,Bachelor of Computer Applications (BCA),Data Science,2023,,9.02/10,94.00/94.00,,100.0
,2,2,1,2,"Deep Learning, English Proficiency (Spoken), English Proficiency (Written), Machine Learning, Python, Data Science, Natural Language Processing (NLP), Neural Networks",24,Bachelor of Technology (B.Tech),Chemical Engineering,2025,,6.88/10,82.20/82.20,94.40/94.40,75.0
,2,2,1,2,"C Programming, Flutter, Kotlin, XML, Artificial Intelligence, C++ Programming, Dart, Data Science, Data Structures, Database Management System (DBMS), Deep Learning, Image Processing, Java, Machine Learning, Python, Computer Vision, Mathematics, Natural Language Processing (NLP)",24,B.Tech,Information Technology,2024,,,89.80/89.80,88.60/88.60,100.0
,2,2,2,2,"Algorithms, Artificial Intelligence, Computer Vision, Data Analytics, Data Science, Data Structures, Deep Learning, English Proficiency (Spoken), English Proficiency (Written), MS-Excel, Machine Learning, Natural Language Processing (NLP), Neural Networks, Power BI, Python, SQL, SQLite, Statistics, Amazon Web Server (AWS), Flask",24,Bachelor of Commerce (B.Com),Commerce,2019,68.00/100,,,,75.0
,3,2,1,2,"English Proficiency (Written), Python, BIG DATA ANALYTICS, C++ Programming, Data Analytics, Data Science, Deep Learning, English Proficiency (Spoken), HTML, Hindi Proficiency (Spoken), Java, MS-Word, Machine Learning, Marathi Proficiency(Spoken), MySQL, Neural Networks, Postman, SQL, Artificial Intelligence, C Programming, CSS, MS-Excel, MongoDB, Natural Language Processing (NLP), R Programming, Tableau",24,Bachelor of Engineering (B.E),Information Technology,2024,,9.60/10,66.62/66.62,83.80/83.80,100.0
,2,1,2,1,"Creative Writing, Digital Art, Social Media Marketing, Adobe After Effects, Adobe Illustrator, Adobe Indesign, Adobe Photoshop, Adobe Premiere Pro, Adobe XD, Data Analytics, Data Science, Email Marketing, English Proficiency (Spoken), English Proficiency (Written), Figma, MS-Excel, Natural Language Processing (NLP), Power BI, Python, SQL, Tableau, UI & UX Design, Wireframing, Animation, Autodesk Fusion 360, Autodesk Revit, Computer Vision, Deep Learning, Machine Learning, MongoDB, Search Engine Optimization (SEO)",24,Bachelor of Technology (B.Tech),Electrical Engineering,2023,,7.50/9,,,75.0
,3,2,1,2,"Data Science, Python, Selenium, Deep Learning, Machine Learning, MongoDB, MySQL, Natural Language Processing (NLP)",24,Bachelor of Science (B.Sc),,2023,,,,,75.0
,2,2,2,1,"English Proficiency (Spoken), English Proficiency (Written), MS-Excel, MS-Word, Mathematics, SQL, Artificial Intelligence, C Programming, C++ Programming, CSS, Data Analytics, Data Science, Data Structures, HTML, Java, Machine Learning, MySQL, Natural Language Processing (NLP), Neural Networks, Python, Computer Vision, Deep Learning, JSP, Servlets, Spring MVC",24,B.Tech,Computer Science,2024,,3.60/4,85.00/85.00,85.00/85.00,100.0
,3,3,2,3,"C++ Programming, Computer Vision, Data Analytics, Deep Learning, Machine Learning, Python, SQL, Data Science, Docker, Flask, Git, MATLAB, Manual Testing, Natural Language Processing (NLP), PostgreSQL",24,B.Tech,Computer Science,2024,,,,,100.0
,3,3,2,3,"Computer Vision, Deep Learning, English Proficiency (Written), Machine Learning, Python, Artificial Intelligence, Data Analytics, Data Science, Data Structures, Natural Language Processing (NLP), SQL, Statistics",24,B.Tech,Computer Science & Engineering,2024,,7.52/10,,,75.0
,2,2,1,1,"C Programming, Digital Signal Processing, English Proficiency (Spoken), English Proficiency (Written), MS-Excel, MS-PowerPoint, MS-Word, Machine Learning, Neural Networks, Python, Adobe Photoshop, C++ Programming, Computer Vision, Data Science, Deep Learning, GNU Octave, Image Processing, MATLAB, Natural Language Processing (NLP)",24,B.Tech,Electronics and Communication,2024,,,,,100.0
,2,2,2,2,"Algorithms, Android, Artificial Intelligence, Dart, Data Science, Data Structures, Database Management System (DBMS), Deep Learning, Flutter, Golang, Java, Machine Learning, Natural Language Processing (NLP), Python, BIG DATA ANALYTICS, Cloud Firestore, Firebase, iOS",8,Bachelor of Technology (B.Tech),Computer Science & Engineering,2025,,9.23/10,,,75.0
,2,2,1,2,"HTML, Adobe Photoshop, Algorithms, Artificial intelligence, CSS, Deep Learning, JavaScript, MS SQL Server, MS-Excel, MS-PowerPoint, MS-Word, Machine Learning, MySQL, Neural Networks, Photography, Python, Video Editing, C Programming, Django, MATLAB, MongoDB, Natural Language Processing (NLP), R Programming",24,Bachelor of Technology (B.Tech),Computer Science & Engineering (AI & ML),2024,,,84.20/84.20,,75.0
,2,2,2,2,"Data Science, Database Management System (DBMS), Deep Learning, Machine Learning, Natural Language Processing (NLP), Neural Networks, Python, SQL, Statistics",24,Bachelor of Science (B.Sc) (Hons.),Science,2022,,85.00/100,8.10/8.10,,75.0
,3,2,1,2,"C Programming, LaTeX, Neural Networks, Python, Computer Vision, Data Structures, Deep Learning, Git, Image Processing, MATLAB, Machine Learning, OpenCV, SQL, Data Science, Docker, Flask, Natural Language Processing (NLP), REST API",24,B.Tech (Hons.),Electronics Engineering,2023,,9.30/10,90.15/90.15,89.20/89.20,100.0
,2,2,2,2,"Data Analytics, Computer Vision, Data Science, Deep Learning, MS-Excel, Machine Learning, MongoDB, Natural Language Processing (NLP), Neural Networks, Python, R Programming, SQL, Statistics, Tableau, .NET, Amazon Web Services (AWS), Image Processing, OpenCV, Power BI",24,Bachelor of Engineering (B.E),,2019,,,,,100.0
,2,2,2,2,"Data Analytics, Data Science, Deep Learning, Flask, Java, MS-Excel, Machine Learning, Natural Language Processing (NLP), Power BI, Python, SQL",24,B.E Computer Science and Engineering (Artificial Intelligence and machine Learning),Computer Science,2023,,8.09/10,,52.00/52.00,75.0
,3,3,2,3,"Data Analytics, Deep Learning, Machine Learning, Python, Artificial intelligence, Business Analysis, Data Science, Java, Natural Language Processing (NLP), NoSQL, Power BI, R Programming, SQL, SAS",24,B.Tech (Hons.),Machine Learning,2023,,7.50/10,80.00/80.00,9.00/9.00,100.0
,1,1,1,1,"MS-Excel, Data Science, Deep Learning, Machine Learning, Natural Language Processing (NLP), Python, SQL, Selenium",24,PG Diploma in Data Science,"Machine Learning ,NLP And Deep Learning",2023,,,,,75.0
,2,2,2,2,"Artificial intelligence, Data Analytics, Data Science, Deep Learning, Docker, MS-Excel, Machine Learning, Natural Language Processing (NLP), Python, SQL",24,B.Tech,MlAI,2023,,8.00/10,6.26/6.26,8.20/8.20,75.0
,3,2,2,2,"Data Science, MS-Excel, Python, R Programming, C Programming, Computer Vision, Data Analytics, Database Management System (DBMS), Deep Learning, MS-Office, Machine Learning, MySQL, Natural Language Processing (NLP), Neural Networks, SQL, Financial Modeling",24,Bachelor of Technology (B.Tech),Data Analytics,2023,,4.00/4,89.00/89.00,10.00/10.00,100.0
,2,2,1,1,"Arduino, CSS, Data Science, Data Structures, Embedded Systems, HTML, Internet of Things (IoT), Java, MEAN/MERN Stack, Machine Learning, MySQL, Postman, Python, REST API, ReactJS, SQL, Bootstrap, Deep Learning, Flask, Git, GitHub, JavaScript, MS-Excel, MongoDB, Natural Language Processing (NLP), Node.js, PCB Design, Redux",24,Bachelor of Technology (B.Tech),Electronics and Communication,2023,,7.87/10,92.80/92.80,10.00/10.00,75.0
,3,1,1,2,"C Programming, English Proficiency (Written), Python, .NET, Algorithms, CSS, Computer Vision, Data Science, Data Structures, Deep Learning, English Proficiency (Spoken), Java, JavaScript, MATLAB, R Programming, Artificial Intelligence, HTML, Machine Learning, Natural Language Processing (NLP), Neural Networks",24,B.Tech,Computer Science & Engineering,2025,8.00/8,,,,100.0
,3,3,2,3,"Data Analytics, Data Science, Deep Learning, JavaScript, Machine Learning, Power BI, Python, SQL, .NET, Artificial Intelligence, Computer Vision, Django, Natural Language Processing (NLP), R Programming",24,B.Tech,Data Science,2024,8.93/10,,8.70/8.70,,100.0
,2,2,1,1,"English Proficiency (Spoken), English Proficiency (Written), HTML, Business Research, C Programming, C++ Programming, Data Analytics, Data Science, Data Structures, Java, JavaScript, MS-Excel, Machine Learning, Python, ReactJS, SQL, Tableau, Deep Learning, Flutter, Hadoop, Linux, MongoDB, Natural Language Processing (NLP)",24,B.Tech,Computer Science And Engineering( Data Science),2025,,9.08/10,98.00/98.00,97.20/97.20,100.0
,2,2,2,2,"Computer Vision, Data Analytics, Data Science, Deep Learning, Machine Learning, Natural Language Processing (NLP), Python, SQL",24,B.Tech,Artificial Intelligence And Data Science,2024,,8.89/10,,,75.0
,2,2,2,2,"Amazon Web Server (AWS), BIG DATA ANALYTICS, English Proficiency (Written), MS-PowerPoint, MS-Word, MySQL, Neural Networks, Artificial Intelligence, Cloud Computing, Computer Vision, Data Analytics, Data Science, Deep Learning, English Proficiency (Spoken), GitHub, Hadoop, Java, Linux, MS-Excel, MS-Office, Machine Learning, Natural Language Processing (NLP), Python, R Programming, Research and Analytics, SQL, Statistics, Tableau, Data Structures, Power BI",24,,Post Graduate Diploma In Big Data Analytics,2023,,,,,100.0
,3,2,2,3,"Adobe Photoshop, CSS, Data Analytics, Deep Learning, English Proficiency (Written), HTML, Java, MS-Excel, MySQL, NoSQL, Python, SQL, Tableau, Algorithms, Artificial Intelligence, BIG DATA ANALYTICS, C Programming, C++ Programming, Computer Vision, Creative Writing, Data Science, Data Structures, Database Management System (DBMS), Effective Communication, English Proficiency (Spoken), Linear Programming, MS-Office, Machine Learning, Mathematics, Natural Language Processing (NLP), Neural Networks, Parallel Thinking, Power BI",24,Bachelor of Technology (B.Tech),Computer Science & Engineering Data Science AI ML,2024,,,87.50/87.50,9.70/9.70,100.0
,3,2,2,2,"Data Structures, Database Management System (DBMS), Python, SQL, Cloud Computing, Computer Vision, Data Analytics, Data Science, Deep Learning, Django, HTML, Machine Learning, Natural Language Processing (NLP), Neural Networks, Shell Scripting",24,B.Tech,Computer Science & Engineering,2024,,9.44/10,89.80/89.80,,75.0
,2,2,1,1,"Data Science, Machine Learning, MySQL, Python, SQL, Data Analytics, Deep Learning, GitHub, Natural Language Processing (NLP), Neural Networks",24,Bachelor of Engineering (B.E),Computer Science & Engineering,2021,,10.00/10,,,75.0
,2,2,2,2,"Data Analytics, MS-Excel, SQL, Data Science, Data Structures, Deep Learning, Machine Learning, MongoDB, Natural Language Processing (NLP), Python, Tableau, Java",24,B.Tech,Computer Science & Engineering,2023,,7.00/7,9.50/9.50,8.80/8.80,75.0
,3,3,2,3,"Deep Learning, MATLAB, Machine Learning, Python, Arduino, Artificial Intelligence, C++ Programming, Computer Networks, Data Structures, Database Management System (DBMS), Hadoop, Image Processing, MongoDB, Natural Language Processing (NLP), PostgreSQL, Raspberry Pi, Java",24,B.Tech,AI,2024,,8.13/10,,,87.5
,3,1,1,2,"Data Structures, Java, LARAVEL, Python, REST API, Spring MVC, C Programming, Deep Learning, MongoDB, SQL, Data Analytics, Django, Machine Learning, Natural Language Processing (NLP), OpenCV, Power BI",24,B.Tech,Computer Science & Engineering,2023,,,,10.00/10.00,87.5
,2,2,2,2,"Neural Networks, Android, C++ Programming, Data Analytics, Data Science, Deep Learning, GitHub, Java, Machine Learning, MySQL, Natural Language Processing (NLP), Python, SQL, Django, Kotlin, MS-Excel, UI & UX Design",24,B.Tech,Computer Science & Engineering,2024,9.24/10,,93.50/93.50,10.00/10.00,100.0
,3,3,3,2,"C Programming, Data Analytics, Data Science, Machine Learning, Natural Language Processing (NLP), Python, Android, C++ Programming, Computer Vision, Deep Learning, Image Processing, Java, OpenCV, SQL, Unity 3D",24,Integrated M.Sc.,Mathematics and Computing,2023,,9.05/10,,,100.0
,3,2,2,2,"C Programming, CSS, HTML, Java, MySQL, PostgreSQL, Python, Tableau, Angular 7.0, Bootstrap, Computer Vision, Data Analytics, Data Structures, Database Management System (DBMS), Deep Learning, Express.js, Flask, JavaScript, MS-Excel, Machine Learning, Natural Language Processing (NLP), Node.js, Power BI, R Programming, Raspberry Pi, SQL, AngularJS, Arduino, Data Science",9,B.Tech,Artificial Intelligence And Machine Learning (cse),2025,,9.60/10,89.60/89.60,95.80/95.80,100.0
,2,3,2,1,"Machine Learning, Algorithms, Artificial intelligence, Business Analysis, Data Analytics, Data Science, MongoDB, Natural Language Processing (NLP), Power BI, Python, SQL, Data Structures, Deep Learning, Financial Modeling, GitHub, Google Suite (G Suite), MATLAB, MySQL, NoSQL, R Programming, Statistical Modeling, Tableau",24,Bachelor of Technology (B.Tech),Computer Science & Engineering,2023,,7.60/10,78.00/78.00,8.20/8.20,100.0
,2,1,1,2,"HTML, Bootstrap, C Programming, C++ Programming, CSS, Data Structures, Deep Learning, English Proficiency (Spoken), English Proficiency (Written), Express.js, Java, JavaScript, MySQL, Neural Networks, Node.js, Python, SQL, Data Science, Machine Learning, Natural Language Processing (NLP), PHP, jQuery",24,Bachelor of Engineering (B.E),computer science,2023,,9.10/10,98.10/98.10,10.00/10.00,100.0
,3,2,1,2,"Effective Communication, MS-Excel, MS-Office, Python, Adobe Audition, Adobe Dreamweaver, Adobe Illustrator, Business Analysis, Business Research, Data Analytics, Deep Learning, Digital Marketing, English Proficiency (Spoken), English Proficiency (Written), Enterprise Resource Planning(ERP), Financial literacy, Google AdWords, Google Analytics, Google Cloud Computing, Google Workspace, HTML, Machine Learning, MySQL, Product Management, Project Management, R Programming, Research and Analytics, SQLite, Statistical Modeling, CSS, Data Science, Linux, Natural Language Processing (NLP), SQL",24,Bachelor of Computer Science (B.C.S.),computer science,2023,,,,,100.0
,2,3,1,2,"Computer Vision, Data Analytics, Data Science, Machine Learning, Power BI, SQL, Algorithms, Deep Learning, MS-Excel, Python, Natural Language Processing (NLP)",24,Bachelor of Engineering (B.E),Mechanical Engineering,2024,,7.88/8,,,75.0
,2,2,2,2,"Business Analysis, Data Analytics, Data Science, Deep Learning, MS-Excel, Machine Learning, Natural Language Processing (NLP), Power BI, Python, Research and Analytics, SQL",24,Bachelor of Science (B.Sc),computer science,2022,,,,,75.0
,2,2,2,2,"Business Analysis, Data Analytics, Data Science, Deep Learning, English Proficiency (Spoken), English Proficiency (Written), MS-Excel, MS-Office, MS-PowerPoint, MS-Word, Machine Learning, Mathematics, Natural Language Processing (NLP), Python, Research and Analytics, SQL, Statistics, Time Management, Artificial Intelligence, Database Management System (DBMS), Power BI, Tableau",24,Master of Science (M.Sc),,2021,,,,,75.0
,2,2,2,2,"C Programming, CSS, English Proficiency (Spoken), English Proficiency (Written), MS-PowerPoint, MS-Word, Tamil Proficiency (Spoken), Algorithms, Data Analytics, Data Science, Data Structures, Deep Learning, HTML, Java, JavaFX, JavaScript, MS-Excel, Machine Learning, MySQL, Natural Language Processing (NLP), Neural Networks, Power BI, Python, ReactJS, Research and Analytics, SQL, Tamil Proficiency (Written), Teaching, Computer Vision",24,Bachelor of Engineering (B.E),Computer Science & Engineering,2025,8.30/10,,91.00/91.00,,100.0
,3,3,3,3,"Computer Vision, Data Analytics, Data Science, Deep Learning, Machine Learning, Mathematics, Natural Language Processing (NLP), Python, Statistics, Algorithms, Artificial Intelligence, C Programming, Data Structures, MATLAB, MS-Excel, MongoDB, OpenCV, PostgreSQL, SQL, Tableau",24,Integrated B.Tech & M.Tech,Engineering Physics,2025,,8.92/10,72.77/72.77,91.00/91.00,100.0
,2,2,1,1,"English Proficiency (Written), Data Analytics, Data Science, English Proficiency (Spoken), MS-Excel, Machine Learning, Python, Research and Analytics, SQL, Deep Learning, Natural Language Processing (NLP), PostgreSQL",24,B.A,,2024,,,78.00/78.00,88.00/88.00,75.0
,3,2,2,2,"Data Analytics, Python, Data Science, Deep Learning, MS-Excel, MS-PowerPoint, Machine Learning, Natural Language Processing (NLP), Statistics, SQL",24,Bachelor of Science (B.Sc) (Hons.),Computer Science,2021,,7.80/10,92.00/92.00,9.20/9.20,75.0
,3,2,2,2,"Data Structures, Java, Python, C Programming, Computer Vision, Data Analytics, Data Science, Deep Learning, Flask, Machine Learning, Natural Language Processing (NLP), Power BI, SQL, Statistics, Django, MS-Excel",24,B.Tech,Computer Science,2025,,9.10/10,91.00/91.00,,100.0
,3,3,3,3,"Computer Vision, Data Analytics, Data Science, Deep Learning, MS-Excel, Machine Learning, Natural Language Processing (NLP), Python, Artificial Intelligence, Flask, MySQL",24,Bachelor of Science (B.Sc),Computer Science,2022,,7.50/10,,,75.0
,3,3,2,2,"Accounting, Client Relationship, Computer Vision, Data Analytics, English Proficiency (Spoken), English Proficiency (Written), Financial Modeling, MS-Excel, MS-Office, Machine Learning, OpenCV, Power BI, Python, SQL, Statistics, Tableau, Tally, Time Management, Business Research, Data Science, Deep Learning, Natural Language Processing (NLP), Research and Analytics",24,Bachelor of Business Administration (B.B.A.),Data Analytics,2023,,85.20/100,,,75.0
,2,2,1,2,"C Programming, Computer Vision, Data Science, Data Structures, Deep Learning, Django, Flask, MATLAB, Machine Learning, Neural Networks, Python, SQL, Natural Language Processing (NLP)",24,Bachelor of Engineering (B.E),Electronics And Communication Engineering (ETE),2023,,,91.80/91.80,9.70/9.70,100.0
,2,1,1,1,"Python, Artificial Intelligence, Data Science, Deep Learning, Machine Learning, Natural Language Processing (NLP)",24,Master of Technology (M.Tech),,2024,8.34/10,,,,75.0
,2,2,1,2,"Data Analytics, Data Science, Deep Learning, Java, Machine Learning, PostgreSQL, Python, Tableau, C Programming, HTML, Natural Language Processing (NLP), OpenCV",24,Bachelor of Technology (B.Tech),Electrical and Electronics Engineering,2023,,7.80/10,9.42/9.42,9.30/9.30,100.0
,2,2,1,2,"Content Writing, English Proficiency (Spoken), English Proficiency (Written), C Programming, CSS, Canva, Data Structures, Deep Learning, HTML, JavaScript, MATLAB, MS-Excel, MS-Office, Machine Learning, Neural Networks, Python, Natural Language Processing (NLP)",24,Bachelor of Technology (B.Tech),"Computer Science & Engineering, Specializing In Ai & ML",2024,,9.00/10,75.30/75.30,82.00/82.00,87.5
,1,1,1,1,"Data Analytics, Data Science, Deep Learning, Machine Learning, Natural Language Processing (NLP), Python",24,B.Tech,Computer Science & Engineering,2025,2.00/9,,,,75.0
,3,2,1,1,"Android, C++ Programming, Figma, Kotlin, MS-Excel, Mathematics, OpenCV, Python, User Interface (UI) Development, VS Code, Windows Mobile Application Development, Algorithms, Animation, Arduino, Artificial Intelligence, AutoCAD, Business Research, C#, Computer Vision, Data Analytics, Data Science, Data Structures, English Proficiency (Spoken), English Proficiency (Written), Firebase, Firebase Cloud Messaging, GitHub, HTML, Machine Learning, MySQL, Neural Networks, Node.js, Power BI, R Programming, Research and Analytics, Robot Operating System (ROS), SQL, Search Engine Optimization (SEO), Statistical Modeling, UI & UX Design, Unity 3D, Wireframing, XML, Adobe After Effects, Bootstrap, C Programming, CSS, CakePHP, Database Management System (DBMS), Deep Learning, Django, Flutter, Hibernate (Java), Java, JavaScript, MongoDB, Natural Language Processing (NLP), PHP, REST API, React Native, ReactJS, Swing (Java), TypeScript",24,B.Tech,Artificial Intellience & Data Science,2025,,,95.00/95.00,93.00/93.00,100.0
,2,2,1,2,"Data Analytics, Data Science, Data Structures, Deep Learning, Machine Learning, Python, Natural Language Processing (NLP)",24,Integrated M.Sc.,,2025,,,,,75.0
,2,2,3,3,"Deep Learning, Natural Language Processing (NLP), Neural Networks, Amazon Web Services (AWS), C++ Programming, Data Analytics, Data Science, Machine Learning, Python, Teaching",24,B.Tech,Electronics and Communication,2025,,,,,100.0
,2,2,2,2,"C Programming, C++ Programming, CSS, Computer Networking, Computer Vision, Data Structures, Database Management System (DBMS), Deep Learning, HTML, Image Processing, JavaScript, MATLAB, MS-Excel, MS-Office, MS-PowerPoint, Machine Learning, Natural Language Processing (NLP), Neural Networks, OpenCV, Python",24,B.Tech,Electronics and Communication,2023,,7.74/10,93.50/93.50,8.80/8.80,87.5
,1,2,1,1,"Effective Communication, Figma, MS-Office, Machine Learning, Market Research, Amazon Web Services (AWS), Cloud Computing, Computer Vision, Data Analytics, Data Science, Data Structures, Database Management System (DBMS), Deep Learning, Google Analytics, Internet of Things (IoT), Java, MS-Excel, Natural Language Processing (NLP), Python, React Native, ReactJS, SQL, Statistical Modeling, UI & UX Design",24,B.Tech,Computer Science & Engineering,2024,,,75.38/75.38,89.20/89.20,75.0
,3,3,2,3,"Deep Learning, Django, English Proficiency (Spoken), English Proficiency (Written), Machine Learning, Python, Amazon Web Server (AWS), Computer Vision, Data Analytics, Data Science, JavaScript, MS SQL Server, MongoDB, Natural Language Processing (NLP), OpenCV, Power BI",24,Bachelor of Technology (B.Tech),Information Technology,2024,,8.03/10,,,75.0
,2,3,3,3,"Algorithms, Data Analytics, Data Science, Data Structures, Deep Learning, MS-Excel, MS-Word, Machine Learning, Natural Language Processing (NLP), SQL, Neural Networks, Power BI, Python, Tableau",24,B.Tech,Computer Science & Engineering,2024,8.25/10,,,,75.0
,3,2,2,2,"Python, Artificial Intelligence, Data Analytics, Data Science, Deep Learning, Git, GitHub, Machine Learning, Natural Language Processing (NLP), Neural Networks, PostgreSQL, Power BI, SQL, Statistics, Tableau, Data Structures",24,Master Of Science,Organic Chemistry,2023,6.50/10,,,,75.0
,2,3,3,2,"Machine Learning, Natural Language Processing (NLP), SQL, Algorithms, C++ Programming, Data Analytics, Data Science, Data Structures, Database Management System (DBMS), Deep Learning, MS-Excel, MySQL, Python, REST API, SQLite, Computer Vision",24,B.Tech,Instrumentation and Control Engineering,2023,,7.05/10,70.00/70.00,7.20/7.20,100.0
,2,2,2,2,"Computer Vision, English Proficiency (Spoken), English Proficiency (Written), MATLAB, MySQL, Neural Networks, PostgreSQL, SQL, VHDL, Amazon Web Services (AWS), Arduino, Artificial intelligence, C Programming, C++ Programming, Data Analytics, Data Science, Data Structures, Deep Learning, Flask, MS-Excel, Machine Learning, Natural Language Processing (NLP), Python, Statistical Modeling, Statistics, Verilog, Android, Internet of Things (IoT), R Programming",24,B.Tech,Electronics and Communication,2024,,8.80/10,93.60/93.60,,100.0
,1,1,1,1,"Business Analysis, Canva, Data Analytics, MS-Word, MySQL, SQL, Artificial Intelligence, CSS, English Proficiency (Spoken), English Proficiency (Written), HTML, Java, Linux, MS-Excel, MS-Office, Power BI, Tableau, Data Science, Deep Learning, Email Marketing, Jira, MS SQL Server, Machine Learning, Natural Language Processing (NLP), Product Management, Project Management, Python, R Programming, Research and Analytics, Rust, Social Media Marketing",24,B.E Computer Science and Engineering (Artificial Intelligence and machine Learning),,2024,,,93.33/93.33,,100.0
,3,3,3,3,"C++ Programming, Computer Vision, Data Analytics, Deep Learning, English Proficiency (Spoken), GitHub, Hindi Proficiency (Spoken), MS-Excel, MS-PowerPoint, MS-Word, Machine Learning, Natural Language Processing (NLP), Python, Stock Trading, Tableau, Artificial intelligence, Data Science, Data Structures, Django, English Proficiency (Written), MySQL, Neural Networks, PostgreSQL, Power BI, SQL, BIG DATA ANALYTICS, FastAPI, Flask, MS SQL Server, NoSQL",3,B.Tech,Artificial Intelligence And Data Science,2024,,9.25/10,86.70/86.70,93.40/93.40,100.0
,2,3,3,2,"C++ Programming, Django, English Proficiency (Written), MS-Excel, Machine Learning, MySQL, Natural Language Processing (NLP), SQL, CSS, Data Analytics, Data Science, Data Structures, Deep Learning, English Proficiency (Spoken), HTML, Java, Neural Networks, Python, Tableau, Flask, JavaScript",24,Bachelor of Engineering (B.E),computer science,2024,,,91.40/91.40,10.00/10.00,100.0
,1,1,1,1,"Data Analytics, Data Science, Deep Learning, MS-Excel, Machine Learning, MySQL, Natural Language Processing (NLP), Python, Statistics, Tableau",24,Post Graduate Diploma,Data Science And Engineering,2023,,,,,75.0
,2,1,1,1,"HTML, Bootstrap, CSS, Data Structures, Database Management System (DBMS), Effective Communication, English Proficiency (Spoken), English Proficiency (Written), GitHub, Java, JavaScript, MS-Word, MySQL, Python, SQL, WordPress, jQuery, Android, Data Analytics, Data Science, Deep Learning, Django, Express.js, Git, LARAVEL, Machine Learning, MongoDB, Natural Language Processing (NLP), Neural Networks, Node.js, PHP, REST API, ReactJS, Search Engine Optimization (SEO), Unix",24,B.Tech,,2024,,,,,75.0
,3,3,2,2,"Arduino, Data Analytics, Jira, MS-Excel, Machine Learning, Mathematics, MySQL, PostgreSQL, Power BI, Project Management, Python, SQL, Tableau, Data Science, Deep Learning, Natural Language Processing (NLP), OpenCV, Teaching, C++ Programming, Raspberry Pi",24,Bachelor of Technology (B.Tech),,2017,,73.00/100,,,100.0
,3,2,2,1,"Computer Vision, Data Science, English Proficiency (Spoken), English Proficiency (Written), Python, C++ Programming, Data Analytics, Data Structures, Django, Flask, Image Processing, JavaScript, MS-Excel, Machine Learning, MySQL, Natural Language Processing (NLP), Node.js, OpenCV, R Programming, Research and Analytics, SQL, ArcGIS, CSS, Deep Learning, HTML, Java, Neural Networks, Power BI, ReactJS",24,B.Tech,Artificial Intelligence And Data Science,2024,,,88.00/88.00,,100.0
,2,1,1,1,"English Proficiency (Written), Python, CSS, Data Analytics, Data Science, Data Structures, Deep Learning, HTML, MS-Excel, Machine Learning, MongoDB, Natural Language Processing (NLP), Neural Networks, OpenCV, SQL",24,B.Tech,Data Science,2024,,9.00/10,75.00/75.00,80.00/80.00,75.0
,2,2,1,2,"English Proficiency (Spoken), English Proficiency (Written), C Programming, Computer Networks, Deep Learning, Java, Jira, Machine Learning, Mathematics, MySQL, Python, CSS, Computer Vision, Data Science, German Proficiency (Spoken), German Proficiency (Written), HTML, JavaScript, Natural Language Processing (NLP)",24,B.Tech,,2024,,8.55/10,8.00/8.00,8.40/8.40,100.0
,2,2,1,1,"C++ Programming, Data Analytics, MS-Excel, Machine Learning, Python, Statistics, Artificial Intelligence, Computer Vision, Data Science, Data Structures, Deep Learning, GitHub, Image Processing, Java, MySQL, Natural Language Processing (NLP), Neural Networks, Power BI, SQL, Tableau",24,Master of Computer Science (M.C.S.),,2023,8.80/10,,,,100.0
,3,3,3,2,"Data Analytics, Machine Learning, Natural Language Processing (NLP), Neural Networks, Python, Artificial intelligence, C Programming, CSS, Data Science, Data Structures, Deep Learning, HTML, MS-Excel, SQL, C++ Programming, Computer Vision, Django, Flask",24,Bachelor of Technology (B.Tech),Computer Science,2023,,8.56/10,9.94/9.94,10.00/10.00,100.0
,2,2,2,2,"Artificial intelligence, Computer Vision, Data Analytics, Data Science, Data Structures, Deep Learning, Flask, Machine Learning, Natural Language Processing (NLP), Neural Networks, OpenCV, Python",24,B.Tech,,2024,,,,,75.0
,2,2,2,2,"HTML, MySQL, Bootstrap, CSS, Creative Writing, Deep Learning, English Proficiency (Spoken), English Proficiency (Written), JavaScript, Machine Learning, Natural Language Processing (NLP), Neural Networks, Python, jQuery, Computer Networks, Computer Vision, Data Analytics, Data Science, Data Structures, MS-Excel, Node.js, PHP, ReactJS, WordPress",24,B.Tech,Computer Science & Engineering,2024,,,,10.00/10.00,75.0
,2,2,1,1,"English Proficiency (Spoken), English Proficiency (Written), Machine Learning, Python, Computer Vision, Data Analytics, Data Science, Deep Learning, Natural Language Processing (NLP), SQL",24,,,0,,,,,75.0
,3,2,2,2,"Python, Algorithms, Data Analytics, Data Science, Data Structures, Deep Learning, MS-Excel, Machine Learning, MySQL, Natural Language Processing (NLP), Neural Networks, R Programming, SQL, C Programming, C++ Programming, Computer Vision, Git",24,B.Tech,Computer Science & Engineering,2024,,,,,100.0
,3,1,1,1,"Data Science, English Proficiency (Spoken), Python, Data Analytics, English Proficiency (Written), MS-Excel, Power BI, Artificial Intelligence, Computer Vision, Data Structures, Deep Learning, Elasticsearch, Image Processing, MS SQL Server, MS-Office, MS-PowerPoint, Machine Learning, MySQL, Natural Language Processing (NLP), NoSQL, OpenCV, PostgreSQL, Research and Analytics, SQL, Statistics, Tableau",24,B.Tech,Electronics and Communication,2022,,,,,75.0
,2,2,2,2,"C++ Programming, English Proficiency (Spoken), Computer Networks, Data Structures, Database Management System (DBMS), Deep Learning, English Proficiency (Written), Git, GitHub, MS-Excel, MS-PowerPoint, Machine Learning, Natural Language Processing (NLP), Neural Networks, Python, SQL",24,B.Tech,Computer Science & Engineering,2025,,,,,87.5
,1,1,1,1,"English Proficiency (Spoken), MS-Word, C Programming, C++ Programming, English Proficiency (Written), MS-Excel, MS-PowerPoint, Mathematics, SQL, Data Analytics, Data Science, Deep Learning, Hadoop, MS-Office, Machine Learning, MySQL, Natural Language Processing (NLP), Power BI, Python, SPSS, Statistics, Tableau",24,Master of Science (M.Sc),Mathematics,2023,,65.00/100,67.00/67.00,8.80/8.80,100.0
,2,2,2,2,"Adobe Illustrator, Algorithms, Amazon Web Services (AWS), C++ Programming, Cloud Computing, Cloud Firestore, Computer Vision, Data Analytics, Data Science, Data Structures, Deep Learning, English Proficiency (Spoken), English Proficiency (Written), Figma, Firebase, Flask, GitHub, Heroku, Image Processing, Linux, MS-Excel, Machine Learning, Microsoft Visual Studio, MySQL, Natural Language Processing (NLP), Neural Networks, OpenCV, Postman, Python, Research and Analytics, Django, Kotlin, SQL",24,B.Tech,,2024,,,,,100.0
,3,2,2,2,"Computer Vision, Data Analytics, English Proficiency (Spoken), English Proficiency (Written), MS-Excel, Mathematics, Python, Research and Analytics, SQL, Artificial Intelligence, Data Science, Deep Learning, HTML, Hadoop, Machine Learning, Manual Testing, Microsoft Azure, Natural Language Processing (NLP), Neural Networks, Power BI, Statistical Modeling, Tableau",24,Bachelor of Engineering (B.E),Mechanical Engineering,2022,75.00/100,,85.00/85.00,100.00/100.00,75.0
,2,2,1,2,"Data Analytics, Database Management System (DBMS), Business Analysis, Data Science, Deep Learning, Hadoop, MS-Excel, Machine Learning, NoSQL, Power BI, Python, R Programming, SQL, Tableau, Natural Language Processing (NLP)",24,Integrated M.Sc.,Data Science,2024,,8.32/10,,,100.0
,3,3,3,3,"Business Analysis, Data Analytics, Data Science, Deep Learning, MS-Excel, Machine Learning, Natural Language Processing (NLP), Power BI, Python, Research and Analytics, SQL, Tableau",24,,Data Science And Machine Learning,2022,,10.00/10,78.00/78.00,,75.0
,2,2,2,2,"LaTeX, MySQL, R Programming, Data Science, Data Structures, Deep Learning, Machine Learning, MongoDB, Natural Language Processing (NLP), Power BI, Python, SQL, Tableau, MS-Excel",24,M.Sc. in Data Science,Data Analytics,2024,,,,,100.0
,3,3,3,3,"C++ Programming, CSS, Data Science, Deep Learning, English Proficiency (Spoken), English Proficiency (Written), JavaScript, Machine Learning, MySQL, Natural Language Processing (NLP), PHP, Python, ReactJS, Computer Vision, Data Analytics, Django, HTML, OpenCV",24,B.Tech,Electronics and Communication,2024,,9.40/10,,,100.0
,3,3,2,2,"Data Analytics, Data Science, GitHub, MS-Excel, Machine Learning, Python, Tableau, Algorithms, Computer Vision, Data Structures, Database Management System (DBMS), Deep Learning, Java, MS SQL Server, MySQL, Natural Language Processing (NLP), Neural Networks, OpenCV, PostgreSQL, Power BI, SQL, Statistics",24,B.Tech,Computer Science & Engineering,2023,,86.60/100,,,75.0
,2,2,1,2,"Artificial Intelligence, AutoCAD, C++ Programming, Data Analytics, Data Science, Data Structures, Deep Learning, Image Processing, MATLAB, MS-Excel, MS-PowerPoint, MS-Word, Machine Learning, Neural Networks, Python, R Programming, Computer Vision, Gitlab, Natural Language Processing (NLP), OpenCV, SQL, Tableau",24,Dual Degree,Metallurgical & Materials Engineering,2025,,,83.20/83.20,95.80/95.80,100.0
,2,2,2,2,"Statistical Modeling, Algorithms, Data Analytics, Data Science, Deep Learning, MS-Excel, Machine Learning, Natural Language Processing (NLP), Python, Tableau, SQL",24,Master of Science (M.Sc),Statistics,2023,6.73/10,8.91/10,64.00/64.00,75.60/75.60,75.0
,3,3,3,2,"Angular 7.0, Artificial intelligence, C++ Programming, Computer Vision, Creative Writing, Data Structures, English Proficiency (Written), JavaScript, MS SQL Server, MS-Word, Machine Learning, Natural Language Processing (NLP), Neural Networks, Node.js, Python, SQL, TypeScript, Bootstrap, C Programming, CSS, Data Analytics, Data Science, Deep Learning, Embedded Systems, English Proficiency (Spoken), Express.js, GitHub, HTML, Hadoop, MS-PowerPoint, MongoDB, NoSQL, OpenCV, PostgreSQL, Robotics, jQuery, Java",24,Bachelor of Technology (B.Tech),Information Technology,2023,,,,,100.0
,3,3,2,3,"Data Analytics, Deep Learning, Image Processing, Machine Learning, Neural Networks, Python, Computer Vision, Data Science, Natural Language Processing (NLP), OpenCV, Tableau",24,B.Tech,Electrical Engineering,2024,,9.12/10,90.40/90.40,10.00/10.00,75.0
,2,2,1,1,"English Proficiency (Written), MS-Excel, MS-Office, MS-PowerPoint, Blockchain, C Programming, CSS, Data Analytics, Data Science, Data Structures, Database Management System (DBMS), Eclipse (IDE), English Proficiency (Spoken), Ethical Hacking, Git, Hadoop, Machine Learning, Physics, Power BI, Python, VS Code, Video Editing, Algorithms, BIG DATA ANALYTICS, C++ Programming, Computer Networks, Deep Learning, Ethereum, HTML, Java, JavaScript, Natural Language Processing (NLP), SQL, STATA",24,B.Tech,Computer Science & Engineering,2023,,,,,100.0
,2,2,2,1,"CSS, Data Analytics, HTML, MS-Excel, MS-Office, SQL, WordPress, Business Analysis, Data Science, Machine Learning, Natural Language Processing (NLP), Python, Tableau, jQuery, Deep Learning, Search Engine Optimization (SEO)",24,Master of Technology (M.Tech),Data Science,2022,82.00/100,65.00/100,,,75.0
,2,2,2,2,"Algorithms, Artificial Intelligence, C Programming, Data Science, Data Structures, Deep Learning, Machine Learning, Natural Language Processing (NLP), Neural Networks, Python, C++ Programming",24,B.Tech,Artificial Intelligence And Machine Learning,2024,,7.98/10,90.26/90.26,92.42/92.42,100.0
,3,3,3,3,"Data Analytics, Data Science, Deep Learning, MS-Excel, Machine Learning, Natural Language Processing (NLP), Power BI, Python, SQL, Statistics, Tableau",24,B.Tech,Mechanical,2022,72.86/100,8.13/10,82.20/82.20,88.33/88.33,75.0
,3,3,2,2,"C Programming, C++ Programming, CSS, HTML, Machine Learning, Python, SQL, Deep Learning, Natural Language Processing (NLP)",24,B.Tech,Computer Science & Engineering,2024,,,87.00/87.00,,75.0
,3,3,3,3,"Android, Computer Vision, Content Writing, Data Analytics, Data Science, Deep Learning, English Proficiency (Spoken), English Proficiency (Written), Flask, Machine Learning, Mathematics, Natural Language Processing (NLP), Python, R Programming, SQL, Algorithms, Data Structures",19,Bachelor of Technology (B.Tech),Computer Science & Engineering,2025,,7.00/7,,,100.0
,2,3,2,2,"Cloud Computing, Data Science, Data Structures, MS-Excel, Machine Learning, Bootstrap, CSS, Computer Vision, Content Writing, Data Analytics, Deep Learning, HTML, JavaScript, Natural Language Processing (NLP), Neural Networks, Node.js, Python, SQL, MySQL, ReactJS, jQuery",24,B.Tech,Computer Science & Engineering,2024,,9.07/10,97.30/97.30,9.80/9.80,75.0
,3,3,2,3,"Deep Learning, English Proficiency (Spoken), English Proficiency (Written), Machine Learning, Python, Research and Analytics, Data Analytics, Data Science, Natural Language Processing (NLP), R Programming, REST API",24,Bachelor of Science (B.Sc),computer science,2025,9.38/10,,9.60/9.60,,100.0
,3,2,1,1,"Python, Algorithms, Computer Vision, Data Science, Data Structures, Machine Learning, Data Analytics, Deep Learning, MS-Excel, Natural Language Processing (NLP), Neural Networks",24,B.Tech,Computer Science & Engineering,2024,,9.20/10,,,75.0
,2,2,2,1,"Artificial Intelligence, Data Analytics, Data Science, Data Structures, MS-Excel, MS-Word, Machine Learning, Natural Language Processing (NLP), Neural Networks, Power BI, Python, Tableau, BIG DATA ANALYTICS, Computer Vision, Database Management System (DBMS), Deep Learning, Image Processing, MySQL, R Programming",24,Post Graduation Diploma,Data Science,2023,8.00/10,8.11/10,,62.30/62.30,100.0
,3,3,2,3,"Data Analytics, Data Science, Data Structures, Deep Learning, Machine Learning, MySQL, NoSQL, PostgreSQL, Python, SQL, Algorithms, C++ Programming, Computer Vision, Django, Docker, Git, GitHub, Natural Language Processing (NLP), Neural Networks, Amazon Web Server (AWS)",24,B.Tech,computer science,2022,81.20/100,,,,100.0
,2,1,1,1,"English Proficiency (Written), Artificial intelligence, Business Research, C++ Programming, Computer Vision, Data Structures, Database Management System (DBMS), English Proficiency (Spoken), Git, GitHub, Java, MS-Excel, MS-Office, MS-Word, Mathematics, MySQL, Python, R Programming, Robotic Process Automation (RPA), SQL, Statistics, Tableau, UiPath, Arduino, Business Analysis, C Programming, Data Analytics, Data Science, Deep Learning, Machine Learning, Natural Language Processing (NLP), Research and Analytics, Selenium",24,B.Tech,Computer Science & Engineering In Specialisation With Ai And Robotics,2024,,8.28/10,87.50/87.50,82.60/82.60,100.0
,2,2,1,1,"Creative Writing, Manual Testing, MySQL, SQL, Search Engine Optimization (SEO), Angular 7.0, AngularJS, Business Research, CSS, Data Analytics, Data Science, Data Structures, Database Management System (DBMS), Database Testing, Django, English Proficiency (Spoken), English Proficiency (Written), GUI Testing, Google Analytics, HTML, Java, JavaScript, MS-Excel, MS-PowerPoint, Machine Learning, Microsoft Azure, Node.js, Postman, Python, Quality Assurance/Quality Control (QA/QC), R Programming, ReactJS, Research and Analytics, SCSS, Selenium, Software Testing, Tableau, TypeScript, Amazon Web Services (AWS), Artificial Intelligence, Computer Vision, Deep Learning, GitHub, Hadoop, Linux, Natural Language Processing (NLP), OpenCV, Power BI, Product Management, REST API, Vector Dynamics",24,Integrated M.Sc.,Software Engineering,2025,,8.80/10,90.00/90.00,,100.0
,1,2,1,1,"Machine Learning, Deep Learning, Natural Language Processing (NLP), Power BI, Python, R Programming, SQL, Tableau",24,,Computational Mechanics,2019,,,,,75.0
,3,3,2,3,"Deep Learning, Docker, HTML, MS-Office, Machine Learning, Mathematics, Python, Statistics, Algorithms, C++ Programming, Computer Vision, Data Analytics, Data Science, Data Structures, Database Management System (DBMS), Git, Google Cloud Computing, Linux, Natural Language Processing (NLP), SQL, Tableau",24,B.Tech,Computer Science & Engineering,2024,,,,,100.0
,3,1,3,3,"Data Science, Deep Learning, English Proficiency (Spoken), English Proficiency (Written), MS-Excel, MySQL, Natural Language Processing (NLP), Python, SQL, C++ Programming, Data Analytics, Data Structures, Elasticsearch, MongoDB, Power BI, Tableau, Git, Machine Learning",24,B.Tech,Electronics and Communication,2025,,8.77/10,9.40/9.40,,100.0
